,rr,_person_id
0,0.16666666666666666,429
1,0.5,107
2,0.5,191
3,0.5,99
4,1.0,54
5,0.16666666666666666,35
6,0.5,468
7,0.5,353
8,0.5,40
9,0.3333333333333333,604
10,0.5,145
11,0.3333333333333333,136
12,0.5,130
13,1.0,444
14,1.0,284
15,1.0,536
16,0.5,134
17,0.5,436
18,0.5,242
19,1.0,314
20,0.5,574
21,1.0,385
22,1.0,349
23,0.5,46
24,1.0,584
25,1.0,476
26,1.0,192
27,1.0,14
28,1.0,411
29,0.5,541
30,0.3333333333333333,273
31,1.0,56
32,1.0,102
33,1.0,455
34,1.0,162
35,1.0,229
36,1.0,26
37,1.0,447
38,0.5,243
39,1.0,592
40,1.0,485
41,1.0,404
42,1.0,142
43,1.0,507
44,1.0,394
45,1.0,498
46,1.0,588
47,1.0,8
48,1.0,486
49,0.5,176
50,0.5,262
51,1.0,170
52,1.0,602
53,1.0,179
54,1.0,109
55,1.0,38
56,1.0,235
57,1.0,512
58,1.0,395
59,0.5,386
60,0.5,321
61,1.0,530
62,1.0,173
63,1.0,94
64,1.0,133
65,1.0,446
66,1.0,117
67,0.1,501
68,1.0,37
69,1.0,81
70,1.0,181
71,1.0,559
72,1.0,6
73,1.0,458
74,1.0,126
75,1.0,565
76,1.0,373
77,1.0,609
78,1.0,379
79,0.5,5
80,1.0,347
81,1.0,121
82,1.0,58
83,1.0,174
84,1.0,340
85,1.0,43
86,1.0,566
87,1.0,470
88,1.0,374
89,1.0,240
90,1.0,569
91,0.3333333333333333,402
92,0.1111111111111111,31
93,0.16666666666666666,544
94,0.16666666666666666,206
95,0.16666666666666666,269
96,0.5,524
97,0.16666666666666666,521
98,0.25,270
99,0.14285714285714285,214
100,0.25,451
101,0.041666666666666664,150
102,0.3333333333333333,302
103,0.16666666666666666,529
104,0.05,151
105,1.0,589
106,0.16666666666666666,90
107,0.5,32
108,0.16666666666666666,456
109,1.0,84
110,0.16666666666666666,389
111,1.0,276
112,1.0,437
113,0.14285714285714285,120
114,0.5,337
115,0.16666666666666666,277
116,0.25,492
117,0.16666666666666666,71
118,0.14285714285714285,350
119,0.5,171
120,0.16666666666666666,44
121,0.16666666666666666,364
122,1.0,372
123,1.0,304
124,0.02040816326530612,481
125,0.02040816326530612,360
126,0.1111111111111111,85
127,0.020833333333333332,163
128,0.25,128
129,0.08333333333333333,297
130,1.0,11
131,1.0,283
132,0.16666666666666666,149
133,0.25,467
134,0.3333333333333333,575
135,0.07142857142857142,595
136,0.25,535
137,0.25,412
138,1.0,201
139,1.0,33
140,1.0,156
141,0.006134969325153374,315
142,1.0,268
143,1.0,597
144,1.0,199
145,1.0,263
146,0.25,208
147,0.014705882352941176,547
148,1.0,93
149,1.0,140
150,0.07142857142857142,236
151,0.08333333333333333,383
152,1.0,266
153,0.25,554
154,0.3333333333333333,118
155,0.3333333333333333,115
156,0.3333333333333333,4
157,1.0,572
158,1.0,577
159,1.0,197
160,0.08333333333333333,225
161,1.0,45
162,0.05,245
163,1.0,587
164,0.25,59
165,1.0,603
166,1.0,217
167,0.2,579
168,0.25,267
169,1.0,465
170,1.0,414
171,0.16666666666666666,155
172,1.0,188
173,1.0,27
174,1.0,430
175,0.5,607
176,0.3333333333333333,96
177,1.0,1
178,0.5,265
179,0.5,469
180,0.015151515151515152,333
181,1.0,19
182,0.5,57
183,1.0,294
184,0.08333333333333333,571
185,0.5,409
186,0.08333333333333333,101
187,0.25,591
188,1.0,160
189,1.0,368
190,1.0,224
191,1.0,453
192,0.14285714285714285,546
193,1.0,292
194,0.024390243902439025,299
195,1.0,474
196,0.16666666666666666,450
197,0.5,195
198,0.09090909090909091,216
199,0.3333333333333333,39
200,0.05,324
201,1.0,202
202,0.5,290
203,0.125,355
204,1.0,244
205,0.2,79
206,1.0,288
207,1.0,555
208,1.0,113
209,0.5,422
210,0.2,13
211,1.0,410
212,0.14285714285714285,183
213,0.1111111111111111,157
214,0.3333333333333333,384
215,0.16666666666666666,457
216,0.14285714285714285,516
217,1.0,42
218,1.0,367
219,0.14285714285714285,164
220,0.25,494
221,0.25,493
222,0.2,234
223,1.0,500
224,0.06666666666666667,255
225,0.25,238
226,0.5,135
227,1.0,452
228,1.0,448
229,1.0,69
230,0.5,532
231,0.07142857142857142,392
232,0.5,313
233,1.0,391
234,0.25,186
235,0.25,531
236,0.25,527
237,1.0,198
238,0.3333333333333333,558
239,0.2,479
240,1.0,325
241,0.1,342
242,0.2,108
243,1.0,312
244,0.2,95
245,0.25,97
246,0.09090909090909091,185
247,0.058823529411764705,9
248,0.25,293
249,0.2,165
250,0.2,104
251,1.0,275
252,0.3333333333333333,427
253,0.5,449
254,0.2,303
255,0.05555555555555555,20
256,1.0,182
257,0.008547008547008548,518
258,0.038461538461538464,311
259,1.0,169
260,0.3333333333333333,504
261,1.0,232
262,0.058823529411764705,310
263,1.0,82
264,1.0,425
265,0.5,309
266,1.0,66
267,0.3333333333333333,346
268,1.0,387
269,1.0,226
270,1.0,100
271,0.5,36
272,0.07142857142857142,482
273,1.0,438
274,1.0,7
275,0.3333333333333333,23
276,0.25,594
277,0.3333333333333333,260
278,0.125,287
279,0.005,194
280,1.0,221
281,1.0,552
282,1.0,428
283,0.2,316
284,0.058823529411764705,218
285,0.5,396
286,0.5,502
287,0.5,488
288,1.0,91
289,1.0,608
290,1.0,286
291,1.0,336
292,0.5,250
293,0.017857142857142856,478
294,1.0,462
295,0.2,48
296,1.0,144
297,1.0,264
298,0.25,510
299,0.045454545454545456,257
300,0.011363636363636364,289
301,1.0,463
302,0.5,61
303,0.05555555555555555,259
304,1.0,167
305,1.0,423
306,1.0,132
307,1.0,68
308,0.2,75
309,0.5,370
310,0.5,513
311,1.0,64
312,1.0,187
313,1.0,34
314,1.0,542
315,1.0,178
316,1.0,381
317,0.5,399
318,0.25,129
319,1.0,580
320,0.5,473
321,1.0,274
322,1.0,606
323,0.3333333333333333,110
324,0.5,161
325,1.0,483
326,0.3333333333333333,540
327,1.0,480
328,1.0,254
329,1.0,593
330,1.0,570
331,0.008849557522123894,397
332,0.07142857142857142,281
333,1.0,307
334,1.0,573
335,1.0,416
336,1.0,166
337,0.3333333333333333,359
338,0.5,278
339,0.5,219
340,0.5,230
341,1.0,354
342,1.0,477
343,0.5,343
344,0.004629629629629629,147
345,1.0,361
346,1.0,137
347,0.3333333333333333,74
348,1.0,301
349,1.0,72
350,1.0,322
351,1.0,420
352,0.3333333333333333,553
353,1.0,239
354,0.011904761904761904,138
355,1.0,375
356,0.3333333333333333,403
357,1.0,334
358,0.5,223
359,1.0,356
360,1.0,200
361,1.0,220
362,1.0,543
363,0.25,51
364,1.0,318
365,-1.0,175
366,0.07142857142857142,271
367,1.0,28
368,1.0,327
369,0.2,369
370,0.023255813953488372,440
371,1.0,600
372,0.001287001287001287,53
373,0.25,172
374,0.005376344086021506,545
375,1.0,568
376,0.0196078431372549,12
377,0.2,390
378,1.0,78
379,1.0,522
380,1.0,590
381,0.07692307692307693,207
382,1.0,215
383,1.0,335
384,0.02702702702702703,127
385,0.007751937984496124,431
386,0.03225806451612903,508
387,1.0,22
388,0.2,180
389,1.0,434
390,0.018518518518518517,87
391,1.0,464
392,1.0,605
393,0.3333333333333333,454
394,0.014925373134328358,320
395,1.0,330
396,0.018867924528301886,253
397,0.006493506493506494,499
398,0.0035714285714285713,158
399,0.005555555555555556,92
400,0.3333333333333333,405
401,0.003115264797507788,406
402,0.25,505
403,1.0,15
404,0.0022371364653243847,578
405,1.0,17
406,0.1111111111111111,3
407,1.0,168
408,0.3333333333333333,585
409,0.04,538
410,1.0,29
411,0.058823529411764705,398
412,0.5,421
413,0.034482758620689655,146
414,0.010869565217391304,55
415,1.0,432
416,0.09090909090909091,213
417,1.0,419
418,0.5,295
419,1.0,326
420,1.0,490
421,1.0,351
422,1.0,520
423,0.3333333333333333,204
424,0.5,88
425,0.0029411764705882353,442
426,0.5,539
427,1.0,489
428,1.0,83
429,1.0,503
430,1.0,124
431,1.0,116
432,0.0196078431372549,358
433,0.07142857142857142,377
434,1.0,484
435,0.07142857142857142,345
436,1.0,86
437,0.5,472
438,1.0,249
439,1.0,280
440,1.0,357
441,1.0,131
442,1.0,211
443,1.0,332
444,1.0,246
445,1.0,70
446,0.0031847133757961785,576
447,1.0,460
448,0.5,228
449,1.0,376
450,0.5,435
451,1.0,562
452,1.0,21
453,0.5,80
454,1.0,16
455,1.0,282
456,0.5,348
457,1.0,415
458,0.03125,388
459,0.5,203
460,1.0,222
461,1.0,528
462,0.5,60
463,1.0,261
464,0.2,371
465,1.0,237
466,0.05555555555555555,496
467,1.0,443
468,1.0,344
469,1.0,308
470,1.0,323
471,0.3333333333333333,537
472,0.16666666666666666,407
473,0.010101010101010102,506
474,0.5,533
475,1.0,300
476,0.3333333333333333,487
477,0.3333333333333333,497
478,1.0,317
479,0.14285714285714285,393
480,0.25,598
481,1.0,103
482,0.3333333333333333,231
483,1.0,177
484,1.0,193
485,1.0,119
486,0.3333333333333333,509
487,1.0,439
488,1.0,76
489,1.0,189
490,0.1111111111111111,341
491,1.0,466
492,1.0,563
493,0.25,601
494,0.3333333333333333,112
495,1.0,63
496,1.0,143
497,0.25,378
498,0.1111111111111111,366
499,0.025,2
500,1.0,105
501,0.3333333333333333,256
502,0.25,582
503,1.0,581
504,1.0,227
505,0.5,123
506,1.0,298
507,0.5,241
508,1.0,233
509,0.3333333333333333,441
510,0.05,285
511,1.0,511
512,1.0,152
513,1.0,426
514,0.25,557
515,0.09090909090909091,291
516,0.16666666666666666,139
517,1.0,445
518,1.0,18
519,0.5,10
520,1.0,424
521,0.3333333333333333,495
522,1.0,41
523,1.0,24
524,1.0,534
525,1.0,305
526,1.0,339
527,0.2,196
528,1.0,319
529,1.0,122
530,1.0,418
531,0.16666666666666666,73
532,0.3333333333333333,549
533,1.0,106
534,0.5,408
535,1.0,247
536,1.0,52
537,1.0,560
538,1.0,251
539,0.3333333333333333,210
540,1.0,125
541,1.0,525
542,1.0,564
543,1.0,610
544,0.5,583
545,1.0,148
546,0.5,413
547,0.25,114
548,0.03125,154
549,1.0,517
550,0.3333333333333333,548
551,1.0,365
552,1.0,550
553,1.0,212
554,1.0,561
555,0.3333333333333333,49
556,1.0,380
557,1.0,352
558,1.0,328
559,0.16666666666666666,65
560,1.0,47
561,1.0,471
562,0.25,475
563,0.09090909090909091,252
564,1.0,599
565,1.0,400
566,0.5,30
567,1.0,67
568,0.5,526
569,0.5,363
570,1.0,523
571,0.5,190
572,1.0,551
573,0.5,461
574,1.0,279
575,0.3333333333333333,433
576,1.0,159
577,1.0,401
578,1.0,141
579,0.25,515
580,1.0,50
581,1.0,382
582,1.0,111
583,0.037037037037037035,306
584,1.0,519
585,0.04,205
586,0.2,459
587,1.0,89
588,1.0,62
589,0.02631578947368421,491
590,0.5,329
591,0.5,209
592,1.0,567
593,0.5,153
594,1.0,417
595,0.5,586
596,1.0,338
597,1.0,362
598,0.0625,272
599,1.0,98
600,1.0,296
601,0.5,514
602,0.043478260869565216,556
603,0.25,248
604,0.3333333333333333,258
605,0.25,77
606,0.2,25
607,1.0,596
608,0.02702702702702703,184
609,1.0,331
